pathway,pval,padj,log2err,ES,NES,size,leadingEdge
KEGG_CYTOKINE_CYTOKINE_RECEPTOR_INTERACTION,1.1289777878070781e-12,1.9192622392720327e-10,0.9101197347744591,-0.40888836874408857,-2.3809331660136865,225,6348;3082;3560;3572;64109;3952;2321;9966;53832;6347;55504;8795;1270;6355;116379;3459;2056;282617;51330;3554;355;6359;3454;7422;7132;3570;84957;3456;58985;6387;3593;27190;1436;3597;3627;64806;3624;4982;3578;10563;3625;2277;3563;5617;3569;6367;6368;8600;55540;3566;3977;8809;608;3590;655;3460;27242;2324;3626;8784;3556;53833;1440;7124;23765;2689;7850;4804;1435;3601;10673;56477;29949;3553;356;3568;3600;1271;163702;6356;6354;3976;7133;3606;6362;6363;7423;50616;2057;3445;6375;8744;3604;2323;6373;7040;4233;94;3558;338376;4283;3791;3576;3953
KEGG_FC_GAMMA_R_MEDIATED_PHAGOCYTOSIS,1.4155388454277174e-6,1.2032080186135597e-4,0.6435518361507222,0.5116838148079805,2.2674505516853163,57,5321;10109;1399;1072;6850;5894;8877;2934;5594;4067;8396;8853;998;5294;208;3984;5879;6198;10094;10451;56848;5578;5336;1794;7409
KEGG_NEUROTROPHIN_SIGNALING_PATHWAY,1.5718778306376715e-5,8.907307706946806e-4,0.5756102610711286,0.4321456633323758,2.07324845968165,85,2549;5170;5602;1399;7534;5894;817;815;9261;1432;5594;998;387;7529;5294;208;7533;2932;5879;816;4790;10971;397;11108;627;5336;4793;3265;4215;3725;6195;51135;2309
KEGG_COMPLEMENT_AND_COAGULATION_CASCADES,2.5726459897556277e-5,0.0010933745456461418,0.5756102610711286,-0.4845164232686366,-2.1661105589405474,53,966;716;5624;5327;5329;727;5648;714;3827;5265;1675;2165;1604;2159;4179;2152;5340;733;717;2157;5627;710;718;1380;5054;2;2155;730;715;3426
KEGG_VEGF_SIGNALING_PATHWAY,9.960820770144416e-5,0.0030411625090101227,0.5384340963099162,0.4766196996015907,2.08126838054745,53,6714;5321;5894;8877;9261;1432;5594;998;5294;4772;208;5879;3315;7867;11261;56848;5578;5336;5881;3265
KEGG_PATHOGENIC_ESCHERICHIA_COLI_INFECTION,1.0733514737682787e-4,0.0030411625090101227,0.5384340963099162,0.5592892569183547,2.101527742220449,29,10109;7534;7430;9181;9475;998;387;10971;10094;3688;9076;5578;2534;3059
KEGG_CELL_ADHESION_MOLECULES_CAMS,1.9038316577201368e-4,0.004379853060676879,0.5188480777437918,-0.38670198735285005,-1.8927211599528662,81,3107;54413;1462;6404;925;23705;914;7412;23308;57555;3897;4684;940;942;1493;4359;9378;9369;6614;4099;29126;999;4685;214;6693;3384;3118;1272;80380;5818;923;3683;57502;22871;4756;257194
KEGG_INSULIN_SIGNALING_PATHWAY,2.0611073226714725e-4,0.004379853060676879,0.5188480777437918,0.4086212934440216,1.906041327848308,73,5170;8569;5770;5602;1399;9470;5894;5594;5294;208;2932;6198;23433;2308;3098;2645;5106;9021;3265;7249;23265;5105;5139;207;5255;5836;5599;9322;3551;867;6464;10891;3099;6199;5595;5601;673
KEGG_B_CELL_RECEPTOR_SIGNALING_PATHWAY,2.8979645651101913e-4,0.005150408645644412,0.49849310876659025,0.4602918807686156,2.0099692439637455,53,695;6850;8517;5894;5594;4067;5294;4772;208;2932;5879;4790;8915;11261;10451;5336;5881;4793;3265;3725;7409;974
KEGG_T_CELL_RECEPTOR_SIGNALING_PATHWAY,3.029652144496713e-4,0.005150408645644412,0.49849310876659025,0.40087347900955256,1.8699011297002133,73,5170;7006;8517;5894;1432;3932;3565;5594;998;387;5294;4772;208;2932;4790;9402;8915;11261;10451;4793;3265;2534;3725;7409;5588;3458;57144;7535;5535;207
KEGG_HEMATOPOIETIC_CELL_LINEAGE,3.613048370309068e-4,0.005281029292801099,0.49849310876659025,-0.4023779931062111,-1.8932241745951182,67,924;966;917;2056;3554;3570;925;914;1436;910;3563;3569;3566;1604;3590;1440;7124;7850;921;1435;945;3553;3568;7037
KEGG_FC_EPSILON_RI_SIGNALING_PATHWAY,3.727785383153717e-4,0.005281029292801099,0.49849310876659025,0.4306311374989015,1.9082776942264355,57,5321;5170;5602;695;6850;5894;1432;3565;5594;5608;4067;5294;208;5879;10451;5578;5336;5881;3265;2534;7409
KEGG_AXON_GUIDANCE,4.219904272156986e-4,0.0055183363558975965,0.49849310876659025,-0.34495448782428506,-1.7574526719359482,100,10501;6091;1945;23654;219699;2042;2048;1942;10509;1948;6387;9423;1630;8482;1969;137970;285220;2041;5361;2044;57556;8829;9037;2043;1946;3897;59277;9353;2051;6092;10154;2050;54910;2045;1943;57689;29984;22854;2047;4893
KEGG_ENDOCYTOSIS,5.077323522147219e-4,0.006165321419750194,0.47727081536286214,0.360464173049658,1.7943323423855633,102,6714;30845;10938;408;79643;5867;9230;9727;5662;23527;8396;8853;998;116986;9101;8411;89853;1950;6456;163;3133;11059;6457;60682;27243;29924;25978;7251;2869;30844;3265;55738;80230
KEGG_FOCAL_ADHESION,5.81607112135413e-4,0.006591547270868014,0.47727081536286214,0.337638221607019,1.7405078090834456,125,6714;81;87;3371;5170;5602;1399;7791;5894;2316;9475;5594;3381;7414;7057;998;387;5294;208;2932;5879;7450;1950;394;83660;329;3688;858;330;10451;5578;5881;3265;2534;3725;7409
KEGG_PANCREATIC_CANCER,7.140717824629499e-4,0.007587012688668843,0.47727081536286214,0.4515977680000073,1.8899094017612512,45,5602;5898;8517;5894;5899;5594;998;4087;5294;208;5879;4790;1950;6772;5881;7048;4088;5925;6774;207;5599;5880;3551;5595;5601;673
KEGG_LEUKOCYTE_TRANSENDOTHELIAL_MIGRATION,0.0017428774515659917,0.01742877451565992,0.45505986738722953,0.40006849239456094,1.7950173969265344,61,81;87;7430;1432;9475;4478;7414;998;387;5294;5879;394;3688;10451;2185;9076;5578;5336;7409;4636;83593;103910;4688;90952;5880;653361;10627;1496;1499;5579;2770
KEGG_REGULATION_OF_ACTIN_CYTOSKELETON,0.0024754380664837043,0.02337913729456832,0.4317076958033464,0.319551739589367,1.6203791672541379,115,81;87;10109;1399;1072;5216;7430;5894;2934;8874;9475;4478;5594;7414;8396;998;387;5294;3984;5879;10094;1950;3688;10451;5217;55845;5881;3265;7409
KEGG_JAK_STAT_SIGNALING_PATHWAY,0.003083023303409513,0.027584945346295645,0.4317076958033464,-0.31410084171119407,-1.6332878467967373,111,3560;3572;64109;3952;53832;1270;116379;3459;2056;282617;3454;3570;3456;58985;3593;3597;3578;3563;5617;3569;3566;3977;3590;3460;53833;1440;2689;3601;29949;3568;3600;1271;163702;3976;50616;2057;3445;23624;5781;3558;338376;3953;3452;3586;6654
KEGG_GNRH_SIGNALING_PATHWAY,0.003311867525298988,0.028150873965041397,0.34452128726268,0.4044008106159537,1.7779654591966343,55,6714;5321;5602;2776;5894;817;815;1432;5594;5608;998;816;2185;5578;3265;4215;3725
KEGG_COLORECTAL_CANCER,0.003922301083302204,0.031038889903231698,0.31827967504043686,0.44675089627665887,1.8274708720517812,41,5602;5894;5594;4087;387;5294;208;2932;5879;8313;5881;7048;3725;4088;207;5599;5880;4609;5595;1499;5601;673
KEGG_ERBB_SIGNALING_PATHWAY,0.004016797516888808,0.031038889903231698,0.3107769199772489,0.37262866117889337,1.7170732492764214,69,2549;6714;5602;1399;5894;817;815;5594;5294;208;2932;6198;816;1950;5578;5336;3265;3725;57144;207;5599;10298;145957;867;6464;6199;4609;5595;5601;673;5579
KEGG_PEROXISOME,0.005590756615728662,0.039689951438177065,0.26521689377999697,0.4402832618797094,1.7489621339477364,36,10654;3417;10455;11001;10005;1384;3295;4598;373156;5264;26061
KEGG_ACUTE_MYELOID_LEUKEMIA,0.0056032872618602915,0.039689951438177065,0.26521689377999697,0.43851203945879424,1.7510991776687934,37,8517;5894;5594;5294;208;6198;4790;1050;7704;3265;6774;207;2322;3551;6199;4609;5595;673
KEGG_ADHERENS_JUNCTION,0.008143623912641125,0.05495531737593747,0.21825977528478716,0.3970982919437983,1.6914447548551048,48,6714;81;87;5770;5594;7414;1387;998;4087;387;5879;2241;5881;7048;2534;25945;4088
KEGG_EPITHELIAL_CELL_SIGNALING_IN_HELICOBACTER_PYLORI_INFECTION,0.008404930892790437,0.05495531737593747,0.2157828589665743,0.42681466005553487,1.7043883245774905,37,6714;5602;528;8517;1432;4067;998;5879;4790;5336;3725;6868;102;5599;245973;3551;6352
KEGG_UBIQUITIN_MEDIATED_PROTEOLYSIS,0.00882515168229454,0.05556576985148415,0.20882660197422426,0.35842091209747023,1.6348142372731274,66,140739;27338;9246;23759;55585;9039;7323;51588;329;330;11059;7428;5071;11060;9021;10273;7319;7322;10054;11065;7328;7318;7321;90293;10401;867;6502;6500
KEGG_LYSOSOME,0.009644892590968873,0.05779150716112154,0.21825977528478716,-0.3543530577142588,-1.6339242695733738,61,3423;6448;2548;1512;1520;58511;5660;1515;4758;2629;3482;410;4669;51172;1519;53;2517;3373;1075;1513;768239;2760
KEGG_NEUROACTIVE_LIGAND_RECEPTOR_INTERACTION,0.009858551221603087,0.05779150716112154,0.2133879230180531,-0.3863254400519921,-1.650381052098616,43,3952;5645;5617;3001;1142;2689;3356;5340;3362;2893;2895;2740;6751;3363;9568;3953;5644
KEGG_GLYCOSAMINOGLYCAN_BIOSYNTHESIS_CHONDROITIN_SULFATE,0.010216847372810676,0.05789546844592717,0.20665231123444913,-0.5907888801851965,-1.7526565232700482,12,10090;26229;50515;27087;55501;51363;11285;126792
KEGG_LONG_TERM_POTENTIATION,0.010568031704095112,0.05795372224826351,0.19311396334681513,0.45542352440986045,1.6965331623294888,28,2776;5894;817;815;5594;1387;816;11261;5578;3265;6195
KEGG_SYSTEMIC_LUPUS_ERYTHEMATOSUS,0.011187607573149742,0.059434165232358005,0.2005131804004132,-0.38785425565975656,-1.6347155157339743,41,8329;8349;716;727;714;2213;940;942;128312;88;7124;733;221613;92815;717;3118;718;85236;3586;730;715;6741;6737
KEGG_HISTIDINE_METABOLISM,0.012732206219995825,0.06559015325452394,0.18491588197177058,-0.5418765826802805,-1.731196543991224,15,217;1644;26;55798;3176;10841;84735;91703
KEGG_NON_SMALL_CELL_LUNG_CANCER,0.013470533208606174,0.06649771362459368,0.17000427848892652,0.4238320268548394,1.64527503301655,33,5170;5894;5594;5294;208;1950;5578;5336;3265;2309;5925;83593;207
KEGG_OLFACTORY_TRANSDUCTION,0.013690705746239876,0.06649771362459368,0.171214318379654,0.630596662603377,1.7337141414206148,10,817;815;816;5592;9635
KEGG_VASCULAR_SMOOTH_MUSCLE_CONTRACTION,0.0157156220767072,0.0742126598066729,0.15722006939374256,0.39648124878077523,1.60342538920809,39,5321;2776;10335;5894;9475;5594;387;5592;5578;5588;9138;94274;27094;800;30814;5595;673;5579;26279;5580;5501;4637;391013;2778
KEGG_OXIDATIVE_PHOSPHORYLATION,0.01622947725986035,0.07456786849125026,0.15535473237528252,0.4406671192789135,1.641562943797496,28,4712;528;6390;27068;9377;4695;539;9551;4698;506;496;245973;4714;84701;1346;5464
KEGG_WNT_SIGNALING_PATHWAY,0.01794453507340946,0.08027818322314759,0.14464557226410138,0.31909808911326154,1.5000941260778875,76,5602;11211;817;815;9475;1387;4087;387;4772;2932;5879;816;8313;11261;56998;27101;89780;5578;5881;1487;3725;4088;80326;4040;1457;5535;5599;5880;6500;4609;122011;1459;1499;5601;5579;4776
KEGG_GLYCOLYSIS_GLUCONEOGENESIS,0.02088724584103512,0.0910469690506659,0.13525091239263964,0.3573903447843852,1.5320493672343227,49,5315;5162;220;5213;226;2023;3939;3945;1738;3098;2645;5106;1737;219;2597;55276;5105;130;5230;221;2027;7167;5224
KEGG_GRAFT_VERSUS_HOST_DISEASE,0.023829607760438635,0.1012758329818642,0.13525091239263964,-0.44135150872553175,-1.6077681816920233,24,3107;355;3569;940;942;7124;3553;3812;356;3804;57292;3118
KEGG_RIBOFLAVIN_METABOLISM,0.026386868896738,0.10929463629684055,0.12745704201113045,-0.566880718868421,-1.635286485974299,11,55312;29085;9107;51205;53
KEGG_TIGHT_JUNCTION,0.027002204261572373,0.10929463629684055,0.11831785640414004,0.3350331547526367,1.4846494839040778,57,6714;81;87;998;387;208;9076;5578;3265;5588;3059;4636;1457;8573;207;103910;7525;10627;1496;1459;1499;5579;2770
KEGG_SMALL_CELL_LUNG_CANCER,0.02844394868934746,0.11245282039974577,0.11593164274902767,0.3722654167841096,1.5178475003503633,40,8517;5294;208;4790;51588;329;3688;330;4149;5925;207;10401;3551;6502;4609;1030;5743
KEGG_CHEMOKINE_SIGNALING_PATHWAY,0.030383795309168442,0.11739193642178716,0.10954123067857044,0.2780893295307235,1.398022944211246,108,408;1399;2921;8517;5894;9475;5594;4067;998;387;5294;208;2932;5879;5473;4790;6846;10451;2185;6772;2869;4793;3265;3717;1794;7409;2309;2931;2791;5196;6774;207;10344;2268;6374;5880;3551;6464;2920;6352;653361;156;5595;673;5579;2770
KEGG_PATHWAYS_IN_CANCER,0.033241946538725156,0.12558068692407282,0.10270481201474739,0.23805646741258246,1.3193769680584044,205,4286;5602;1399;5898;8517;5894;11211;5899;5594;112399;23604;1387;998;4087;7184;387;405;5294;208;1613;2932;5879;8313;4790;51588;2308;1950;3320;354;329;3688;330;7428;1050;6772;1612;89780;7704;4149;5578;5336;5881;7048;3265;1487;3725;4088;80326;5925;2271;7170;83593;6774;4254;207;2253;841;5599;8772;3326;2322;10401;5880;3551;867;7849;6502;4609;1030;5743;64399;1496;5595;3091;1499;5601;673;5579;8823
KEGG_RENAL_CELL_CARCINOMA,0.03457891801450084,0.126581306804225,0.104938859783548,0.3480153714904739,1.473819612383539,47,2549;1399;5894;5594;112399;1387;998;405;5294;208;5879;7428;3265;3725;57144;2271
KEGG_ALZHEIMERS_DISEASE,0.03503595795685045,0.126581306804225,0.1038042652915137,0.3228319391147115,1.4423052746239722,60,4712;2776;3028;5594;2932;6390;9377;11261;4035;348;4695;539;2597;351;4698;6868;5535;841;102;8772;506;4714;84701;2081;5595;1346;840;322
KEGG_HUNTINGTONS_DISEASE,0.03574060427413412,0.126581306804225,0.10270481201474739,0.3241595026348215,1.443930679913506,59,4712;2776;7019;5481;1387;6390;163;627;9377;1742;4695;539;4698;90993;10540;27019;841;506;5440;4714;10891;84701;1346;1213;836;5439;5468;246721;64764;6648;7052;6908
KEGG_PROSTATE_CANCER,0.043149548220542136,0.14970251423453393,0.09330404959216085,0.31540089787223724,1.4091058644003123,60,5170;8517;5894;5594;1387;7184;5294;208;2932;4790;2308;1950;3320;354
KEGG_RNA_DEGRADATION,0.045124282982791586,0.15310336065053048,0.09289749767139441,0.43914991024210986,1.5094869947358356,21,27258;87178;23019;23644;9125;2023
KEGG_CITRATE_CYCLE_TCA_CYCLE,0.04593100819515914,0.15310336065053048,0.09190322038478575,0.46842609459538,1.5184884472982718,17,3417;5162;6390;1738;5106;1737;5105;2271
KEGG_AMINOACYL_TRNA_BIOSYNTHESIS,0.05181644359464627,0.1693999117517282,0.08652392518108788,0.43089822693655166,1.481123539924808,21,2617;54938;4141;55157;51091;6301
KEGG_GLIOMA,0.05372745863543409,0.17233335788724144,0.0837037443963104,0.34958045234796187,1.4253535027547921,40,5894;817;815;5594;5294;208;816;1950;5578;5336;3265
KEGG_CHRONIC_MYELOID_LEUKEMIA,0.06692693809258227,0.21069591621738862,0.0747093797274478,0.3276717120965846,1.3876657046582723,47,1399;8517;5894;5594;5294;208;4790;7048;3265;1487;4088;5925;207;3551;867;6464;4609;5595;673
KEGG_CALCIUM_SIGNALING_PATHWAY,0.06952965235173825,0.2149098345417364,0.07324259616560477,0.3382650492053686,1.3792169141782542,40,2776;8877;817;815;5481;816;11261;2185;56848;5578;5336
KEGG_NOD_LIKE_RECEPTOR_SIGNALING_PATHWAY,0.07158920539730135,0.21732437352752193,0.07244046740442227,0.33245392501017584,1.3734393464409882,43,64170;5602;7128;8517;1432;5594;7184;4790;3320;329;330;9051
KEGG_ENDOMETRIAL_CANCER,0.07804878048780488,0.23277706461275138,0.06929056730450364,0.3518889847796048,1.3850197767771677,35,5170;5894;5594;5294;208;2932;8313;1950;3265;2309;207;4609;1496;5595;1499;673;3611;2885
KEGG_BASAL_CELL_CARCINOMA,0.08438367870113224,0.24733147205504274,0.07118874687825477,-0.3705092119093034,-1.3751859063128684,26,2535;7855;7476;8325;81029;8324;6469;652;8326
KEGG_PARKINSONS_DISEASE,0.09180633147113594,0.2645267177981883,0.06338771148360935,0.325422780251285,1.3386886317119782,42,4712;9246;5481;7345;120892;6390;9377;5071;4695;539;4698;7318;506;4714;84701;1346;7327;836;11315
KEGG_RIG_I_LIKE_RECEPTOR_SIGNALING_PATHWAY,0.09760178471834914,0.2744205298013245,0.06132017593335259,0.31127229863203354,1.3182153895985433,47,1540;5602;8517;1432;4790;4793;843;3449;3443;79132;841;55593;23586;5599;8772;3551;8717;3442;9474;5300;3439;5601;3441
KEGG_PRION_DISEASES,0.10006359974560101,0.2744205298013245,0.06485544019626915,-0.3670376060658134,-1.3514783177349656,25,3303;727;714;3569;4684;3553;733;4685;4851;5605;730
KEGG_MELANOGENESIS,0.10262573964497042,0.2744205298013245,0.05954383670265279,0.3030998790778434,1.3103627179473676,51,4286;2776;5894;11211;817;815;5594;1387;2932;816;89780;5578;3265;80326
KEGG_PRIMARY_IMMUNODEFICIENCY,0.10305927342256214,0.2744205298013245,0.060473100247709854,0.3958336809434997,1.3605964148625538,21,115650;695;8517;3932
KEGG_INOSITOL_PHOSPHATE_METABOLISM,0.10331125827814569,0.2744205298013245,0.060061615123880294,0.3747433609148179,1.3526395165442278,25,8396;5294;3633;8821;9562;5336;3632;3705;7167;3706;4329;5289;3613
KEGG_ADIPOCYTOKINE_SIGNALING_PATHWAY,0.11294559099437149,0.29539616106220234,0.057027802598162425,0.3353037705190161,1.3197410930258444,35,5602;8517;208;4790;5106;9021;4793;3717;5588;5105;6774;207;4852;5599;1375;3551;8717;10891
KEGG_DRUG_METABOLISM_OTHER_ENZYMES,0.11783499342228905,0.2983034872761546,0.05580403078398812,0.36237863641036927,1.323285085986094,26,1890;9;2990;7172;978;83549;1576;10941;1066
KEGG_GLYCINE_SERINE_AND_THREONINE_METABOLISM,0.11897307451471509,0.2983034872761546,0.05870777632750744,-0.42193235471614665,-1.34799667974147,15,27232;8639;29968;26227;189;1610
KEGG_SNARE_INTERACTIONS_IN_VESICULAR_TRANSPORT,0.11932139491046183,0.2983034872761546,0.055520939916264604,0.35703100865350573,1.319687726252742,27,143187;10228;8773;6616;10490;9570;203062;9482;112755;23673;6810;9527;8673;2054
KEGG_INTESTINAL_IMMUNE_NETWORK_FOR_IGA_PRODUCTION,0.12860499893185218,0.3168528959190561,0.057027802598162425,-0.350297824499344,-1.3001691072163608,26,6387;23308;3569;940;608;942;3601;10673;56477;3600;3118;7040;3558;3586;3567
KEGG_ASTHMA,0.13386155129274396,0.32509233885380673,0.05510360701536134,-0.4512395648982469,-1.338664273316273,12,6037;3578;5553;7124;6356;3118;3586;3567
KEGG_GAP_JUNCTION,0.13654242367484548,0.32693256372850327,0.05146779690373337,0.3284096156226447,1.2838627115793355,34,6714;2776;5894;5594;1950;5592;5578;3265
KEGG_RENIN_ANGIOTENSIN_SYSTEM,0.14336172865156868,0.3339438304166209,0.053014499914388426,-0.4575322955696734,-1.3198479943636077,11,7064;5972;2028;183;1636
KEGG_TYPE_I_DIABETES_MELLITUS,0.1433994095318431,0.3339438304166209,0.053431844097507265,-0.35230791497744574,-1.283397574633075,24,3107;355;3630;3593;940;942;7124;3553;356
KEGG_ALLOGRAFT_REJECTION,0.14794007490636704,0.33986233424435675,0.052166230878795496,-0.3769471539324064,-1.2893568911803317,19,3107;355;3593;940;942;7124;356;3118;3558;3586;3567;3135
KEGG_GLYCEROLIPID_METABOLISM,0.15507459550325697,0.34771560833249476,0.0511279601048567,-0.41637748820138676,-1.297278863901964,14,217;5407;231;1607;26007;9388;5406;501
KEGG_TYPE_II_DIABETES_MELLITUS,0.15544933078393883,0.34771560833249476,0.048513483535284535,0.37291955397609305,1.2818338423415738,21,5602;5315;5594;5294;3098;2645;9021;5599;3551;3099;5595;5601;5580;3101
KEGG_PROGESTERONE_MEDIATED_OOCYTE_MATURATION,0.1633599109957352,0.3606647385620128,0.04642975535365648,0.29329038972458116,1.2274025787184548,45,5602;5894;1432;5594;5294;208;3320;6195;5139;4085;207;5599;3326;27330;5595;5601;673;2770
KEGG_TOLL_LIKE_RECEPTOR_SIGNALING_PATHWAY,0.16980098594120868,0.3700790719231471,0.045067819390326856,0.26110435446433033,1.203169130634992,69,114609;5602;8517;1432;3929;5594;5608;5294;208;5879;4790;7096;3663;6772;3725;51135;3449;54472;941;3443;207;841;5599;8772;3551;3442;6352;3439;5595;5601
KEGG_VIBRIO_CHOLERAE_INFECTION,0.17290790982040505,0.3720803122717577,0.04574931521107035,0.3982974279415568,1.267795444573463,16,9601;528;5578;375;5336
KEGG_CYSTEINE_AND_METHIONINE_METABOLISM,0.17690086621751686,0.3739667089302074,0.04536436402066782,0.3695070345156375,1.252104067004794,20,10768;4507;3939;3945;27430;2805;1787
KEGG_TYROSINE_METABOLISM,0.17818413778439293,0.3739667089302074,0.04771886321853942,-0.31642063538065057,-1.224740029290671,30,1644;124;8639;55798;126;4282;2954;218;259307;131;5409
KEGG_GALACTOSE_METABOLISM,0.1838573619631902,0.38116770163100405,0.044309806434731695,0.37887141386407275,1.2467872977907004,18,2582;5213;2585;3098;2645;8704;55276
KEGG_MTOR_SIGNALING_PATHWAY,0.19669979373710858,0.40287909560612606,0.04215406713532638,0.3167386268496845,1.207412847676558,31,5170;9470;51719;5594;5294;208;6198;7249;6195;54541;207;6199;27330;5595;3091;673
KEGG_PROXIMAL_TUBULE_BICARBONATE_RECLAMATION,0.2018313620755437,0.4059387333208044,0.04195319987443899,0.4156415075791895,1.2386800700254774,13,481;2744;5106;2747;5105;486;2746;483
KEGG_PHOSPHATIDYLINOSITOL_SIGNALING_SYSTEM,0.2029693666604022,0.4059387333208044,0.04147239448016252,0.3321203397875585,1.2127919480767007,26,8396;5294;3633;8821;5578;5336;3632;3705;3706;5579;5289;3613
KEGG_TERPENOID_BACKBONE_BIOSYNTHESIS,0.20783711102573954,0.410840800864834,0.04142938482522157,0.42468519494350293,1.2317676896026033,12,10654;4598;2224
KEGG_AMYOTROPHIC_LATERAL_SCLEROSIS_ALS,0.21137905048982666,0.4130395239456383,0.04059252386832715,0.31831322646167226,1.1960610146719792,29,1432;79139;5608;5879;11261;9973;4747;4744
KEGG_N_GLYCAN_BIOSYNTHESIS,0.2175094024237359,0.41692782526115857,0.04233471357366381,-0.35868415587188546,-1.2096625969828207,18,11282;6480;4248;4245;2683;11253;57134;1650;4249;10905
KEGG_PORPHYRIN_AND_CHLOROPHYLL_METABOLISM,0.22071978364884542,0.41692782526115857,0.041886790717640114,-0.34612557503747876,-1.2002730174335692,20,3145;54578;645;1371;3052;7366;7390;3162
KEGG_P53_SIGNALING_PATHWAY,0.22072649572649572,0.41692782526115857,0.04251737392465438,-0.2996209852879014,-1.1783161449524109,32,8795;355;3479;11200;5268;2810;3732;4193;6241;3486;54205;1017;5054;7157
KEGG_OOCYTE_MEIOSIS,0.22563718140929534,0.4215200092261561,0.03900388940809385,0.2814581611617601,1.1627647738093572,43,7534;817;815;5594;7529;7533;816;10971;11261
KEGG_TGF_BETA_SIGNALING_PATHWAY,0.23050036791758646,0.4254874589894284,0.0381266974919746,0.2552213278461701,1.1479292920817101,62,4086;9475;5594;7057;1387;4087;387;6198;658;4090;90;7048;656;4088;93;3458;92;5308;8200;3398;6500;6199;4609;1030;5595;5933
KEGG_PYRUVATE_METABOLISM,0.2332553689134595,0.4254874589894284,0.041110420843899556,-0.30223831684810204,-1.1698458432839094,30,3029;217;5313;5091;2739;9380
KEGG_STEROID_HORMONE_BIOSYNTHESIS,0.2352695361470957,0.4254874589894284,0.04051119899113759,-0.35295865381022723,-1.1903533367895442,18,6718;1109;54578;51478;3290;7366;1646;8644;54658;6783
KEGG_ECM_RECEPTOR_INTERACTION,0.2471722603374745,0.44230825534074386,0.03679505975954426,0.2730538206731825,1.142713758667359,45,3371;2812;51206;2814;3381;7057;7450;3688
KEGG_NUCLEOTIDE_EXCISION_REPAIR,0.2553057364992645,0.4499731534615255,0.03880257149788725,-0.37540764885358363,-1.1696319373763453,14,5886;5887;5111;6118;2067
KEGG_ANTIGEN_PROCESSING_AND_PRESENTATION,0.25982339955849887,0.4499731534615255,0.03950940151099092,-0.24755518637215262,-1.1209445046989601,56,3107;3312;3310;3303;1520;925;3805;1385;5993;3823;3812;3804;567;57292;3118;3445
KEGG_VALINE_LEUCINE_AND_ISOLEUCINE_DEGRADATION,0.26107445805843543,0.4499731534615255,0.035989021267389364,0.3109492472908372,1.149356484986692,27,3712;1629;3028;1738;3033;35;219;587
KEGG_ASCORBATE_AND_ALDARATE_METABOLISM,0.26204318936877075,0.4499731534615255,0.0379709017537109,-0.41864437427963924,-1.169896166475535,10,217;54578;7366;7358;55586;54658;501
KEGG_VASOPRESSIN_REGULATED_WATER_REABSORPTION,0.2827573110520319,0.4806874287884542,0.0344988851058263,0.32114037714003224,1.1327834973554105,23,9230;397;140735;4905;10671;90993;10540;361;1783;5868;6810
KEGG_MAPK_SIGNALING_PATHWAY,0.28883409651285663,0.4861564000711448,0.03257894939340041,0.20361020924079806,1.081013428469988,153,5321;408;8569;5602;1399;8517;5894;9261;1432;2316;5594;5608;998;208;5879;4790;3315;7867;1950;627;11261;4149;5578;5881;7048;3265;4215;3725;6195;5495
KEGG_CELL_CYCLE,0.29678362573099415,0.49176984548669805,0.03277040320469783,0.24819511568095337,1.097085880214029,56,7534;1032;1387;4087;7529;7533;2932;10971;4088;494551;1111;5925;4085;8379;9232;6502;6500;4609;1030;5933
KEGG_PYRIMIDINE_METABOLISM,0.2979546710889994,0.49176984548669805,0.03285499867295293,0.25061079995535923,1.0984964565384223,54,1890;22978;56953;87178;84618;4830;50484;978;51728;83549;7296;955;57804;51251;5440;1854;29922;318;5427;4860;4833;5439;139596
KEGG_OTHER_GLYCAN_DEGRADATION,0.31374584717607973,0.5128537886532072,0.0342024449747538,-0.39876400672785434,-1.1143407423115825,10,4758;2629;2517;23324;4126;175;64772
KEGG_LONG_TERM_DEPRESSION,0.3307735530998314,0.5355381335902033,0.031157429115515403,0.2764827644531702,1.0808633328314825,34,5321;2776;5894;5594;4067;5592;5578;3265
KEGG_GLYCOSAMINOGLYCAN_BIOSYNTHESIS_HEPARAN_SULFATE,0.3374580536912752,0.539524062298822,0.03295231105694872,-0.3350104824183352,-1.0886740103974248,16,26229;90161;27087;9394;11285;126792;3340
KEGG_LEISHMANIA_INFECTION,0.3422955683293158,0.539524062298822,0.030326244586436752,0.255800368573429,1.0705091030053742,45,1432;3565;5594;4790;3688;6772;4793;3717;3725;51135;3125;3458;65108;4688
KEGG_SPHINGOLIPID_METABOLISM,0.3466917136297224,0.539524062298822,0.032331604632485134,-0.33676023100184227,-1.0758873269267253,15,4758;2629;410;339221;9331
KEGG_MATURITY_ONSET_DIABETES_OF_THE_YOUNG,0.3480066445182724,0.539524062298822,0.03215759632214786,-0.38672658923962544,-1.0807023383607919,10,5313;3630;3172;3375
KEGG_FATTY_ACID_METABOLISM,0.35042573320719017,0.539524062298822,0.030265926713922895,0.29739787328270617,1.0734602864114269,25,10455;37;3033;35;219;130;2639;51;34;1375
KEGG_BASE_EXCISION_REPAIR,0.35227747597158376,0.539524062298822,0.03204279730771802,-0.31884282980192097,-1.075297693565546,18,252969;5111;7374;328;4595
KEGG_DNA_REPLICATION,0.380012466237274,0.5768046362530052,0.030498632856057483,-0.3670755477620755,-1.0589065082071796,11,5111;6742;6118;5557
KEGG_PANTOTHENATE_AND_COA_BIOSYNTHESIS,0.39105283455457,0.5883095741086452,0.02860843672901183,0.3829609737023272,1.0528835547255833,10,79646;80347;53354;587;5169
KEGG_METABOLISM_OF_XENOBIOTICS_BY_CYTOCHROME_P450,0.3968321917808219,0.5894800382300172,0.030245880950137992,-0.2571336606715272,-1.0367180202823505,35,2938;1109;124;2950;1557;54578;2939;126
KEGG_BASAL_TRANSCRIPTION_FACTORS,0.3987659082144234,0.5894800382300172,0.028259185783675558,0.38067386606328557,1.0465955562442917,10,2958;2963;2960;2961;2959;6908
KEGG_GLYCOSAMINOGLYCAN_DEGRADATION,0.42953020134228187,0.6252172968274663,0.028432641717847533,-0.31206844107762227,-1.0141199129470984,16,3423;6448;23553;4669;3373
KEGG_BLADDER_CANCER,0.4311668851844915,0.6252172968274663,0.026386108727861166,0.25989714280632176,1.0160246065342018,34,1890;5894;5594;23604;7057;1613;1950;1612;3265
KEGG_AUTOIMMUNE_THYROID_DISEASE,0.433974358974359,0.6252172968274663,0.028581916108963382,-0.2572963698403862,-1.011866596491083,32,3107;355;940;942;1493;356;3118;3445;3558;3452;3586;3567;3135;3440;3446;7038
KEGG_NITROGEN_METABOLISM,0.43903454015813564,0.627192200225908,0.027902295485922643,-0.2951458147050102,-1.0095534244600706,19,771;2752;766;765;763;759;768;762;767;440
KEGG_AMINO_SUGAR_AND_NUCLEOTIDE_SUGAR_METABOLISM,0.450656660412758,0.6334894613583139,0.025662597036813454,0.25532418383467625,1.004944909889694,35,2582;2585;3073;3098;2645;29926;55276;55577;3099;27159;5373;10020;3101
KEGG_SELENOAMINO_ACID_METABOLISM,0.45192674551697826,0.6334894613583139,0.025896803652248602,0.33471365333417336,0.9975017508843618,13,10768;9061;4141
KEGG_PENTOSE_AND_GLUCURONATE_INTERCONVERSIONS,0.4546218487394958,0.6334894613583139,0.027457446786596337,-0.32769908101018574,-0.9960737495357846,13,54578;231;7366;7358;51084;54658;7360;9942;6120
KEGG_GLUTATHIONE_METABOLISM,0.4731643682445024,0.6487684221374832,0.024734476135411965,0.24862645120042864,0.9876329315606764,36,3417;50484;2941;373156;2944;2539;9446;2880;51056;2949;2937;6723;79017;2687;5226
KEGG_ARRHYTHMOGENIC_RIGHT_VENTRICULAR_CARDIOMYOPATHY_ARVC,0.4732193196767525,0.6487684221374832,0.02487234946753895,0.27003558365123514,0.9860792680023587,26,81;87;1674;3688;5318
KEGG_GLYOXYLATE_AND_DICARBOXYLATE_METABOLISM,0.49356312292358806,0.6712458471760798,0.025839625332506874,-0.34751541254327445,-0.9711272237327989,10,283871;9380;48;54363;4522
KEGG_BETA_ALANINE_METABOLISM,0.506366103109998,0.6798741503465913,0.02549496129410239,-0.2988825592162222,-0.9548750953861913,15,217;8639;84735
KEGG_DRUG_METABOLISM_CYTOCHROME_P450,0.5079059829059829,0.6798741503465913,0.025839625332506874,-0.2442365611678159,-0.9605064309336122,32,2938;124;2950;1557;54578;2939;126
KEGG_FRUCTOSE_AND_MANNOSE_METABOLISM,0.5185115579778237,0.683349667724793,0.023375259707737385,0.26190179232119637,0.9563773935591462,26,5210;5213;226;3098;8776;29926
KEGG_NICOTINATE_AND_NICOTINAMIDE_METABOLISM,0.5212502382313703,0.683349667724793,0.023516485167016994,0.29204729296334836,0.9467244578093841,17,22978;56953;84618;51251;952;5169;83594;4860
KEGG_PROTEASOME,0.5261696218756676,0.683349667724793,0.025240829600394973,-0.2569011045673885,-0.9535168545384557,26,5689;5688;5702;5713;5698;5685;5690;5686;5691
KEGG_PHENYLALANINE_METABOLISM,0.5265812145408699,0.683349667724793,0.024951823695945695,-0.3025239353228364,-0.9425531356511346,14,1644;8639;4282;218;259307
KEGG_HEDGEHOG_SIGNALING_PATHWAY,0.532000850520944,0.6851526105193976,0.024978427906915714,-0.2504319547659593,-0.9493816807198814,28,7476;81029;6469;2619;655;653;652;654
KEGG_FOLATE_BIOSYNTHESIS,0.5395295025067489,0.689624176136446,0.023149165429531843,0.33933307990511513,0.9329363667332531,10,1719;5805;5860;248;249;8836;2643
KEGG_GLYCEROPHOSPHOLIPID_METABOLISM,0.5460803059273422,0.6927884478182701,0.02282042420288077,0.27314169416772194,0.9388680845658833,21,5321;1120
KEGG_MELANOMA,0.5586885245901639,0.7035336976320583,0.02462397074995083,-0.2100748197740904,-0.9441305808281711,54,3082;2252;8817;3479;2255;3480;9965;80310;999;4193;4893;2254;2246;4233;3845;2247;5605;7157;26281
KEGG_TRYPTOPHAN_METABOLISM,0.5704107292539815,0.7121242464211479,0.023593662840134092,-0.26199055471753896,-0.9200658550947393,21,217;1644;26
KEGG_REGULATION_OF_AUTOPHAGY,0.5738883632923368,0.7121242464211479,0.02186841693277902,0.25488759434450087,0.9200190539616685,25,84938;11345;3449;3458;23710;3443;8678;3442;9474;3439;3441;5289
KEGG_RETINOL_METABOLISM,0.578484721640854,0.7126261063691679,0.023346040280905204,-0.25693435229682726,-0.9152951764722914,22,124;8854;1557;54578;126
KEGG_BUTANOATE_METABOLISM,0.5862730061349694,0.7170245398773006,0.021739724140001793,0.2757629642433784,0.9074787604406236,18,5162;3033;35;219;7915
KEGG_HYPERTROPHIC_CARDIOMYOPATHY_HCM,0.5981288539230278,0.7216848516160072,0.023063299958129783,-0.23965943038650442,-0.908543292861109,28,3479;3569;7124;7137;4634;55799;1605;7139;7040;7273;1636
KEGG_ONE_CARBON_POOL_BY_FOLATE,0.5985739063403354,0.7216848516160072,0.021496365992353047,0.31442390321282176,0.8885201514805177,11,441024;10797;1719;6472;275
KEGG_VIRAL_MYOCARDITIS,0.6293640309492357,0.7534639807138737,0.020397689348097936,0.23861025414769033,0.888865390864424,28,1981;5879;3133;5881;1982;2534;941;3125
KEGG_PURINE_METABOLISM,0.6382400869092885,0.7587469564655877,0.019555473780994197,0.19098264668684717,0.9054567487528343,80,5315;22978;56953;9061;271;87178;84618;4830;50484;51728;26289;9615;955;5139;57804;51251;5149;3615;5440;8654;5169;53343;29922;318;5427;4860;4833;205
KEGG_CARDIAC_MUSCLE_CONTRACTION,0.6783172875680201,0.7941316278466791,0.020836799580840695,-0.23925071838624395,-0.8522995331253873,22,9167;1329;482;7137;4634;23439;55799;7139
KEGG_SPLICEOSOME,0.6792287467134093,0.7941316278466791,0.02152652225938171,-0.1966164037520712,-0.8790060517559507,53,3312;3310;3303;22827;6434;3190
KEGG_GLYCOSPHINGOLIPID_BIOSYNTHESIS_LACTO_AND_NEOLACTO_SERIES,0.682018927444795,0.7941316278466791,0.020827290793206988,-0.2551959895775054,-0.8444149391694994,17,10678;2527;28;2683;2524;8707;10690;2525;10402;6489
KEGG_STARCH_AND_SUCROSE_METABOLISM,0.7024462252214255,0.8123527774669547,0.020416057371950274,-0.2309773170163825,-0.8414109245120354,24,279;2548;54578;280;2821;7366;7358
KEGG_THYROID_CANCER,0.7072469325153374,0.8123782332946444,0.018872189166085587,0.2510327515253358,0.8260967559920653,18,5594;3265;7170;7849;4609;5595;1499;673;5468
KEGG_PPAR_SIGNALING_PATHWAY,0.7217636022514071,0.8191728566314659,0.01824775988333999,0.21280605753935375,0.8375954095141308,35,5170;11001;5106;7316;5360;1622;5105;4199;51;34;1375
KEGG_DORSO_VENTRAL_AXIS_FORMATION,0.7243697478991596,0.8191728566314659,0.019889855417925886,-0.26530521514911004,-0.8064214266647824,13,4853;4854;4851;3845;51513;6654;1956;5604;2114
KEGG_NOTCH_SIGNALING_PATHWAY,0.7276182432432432,0.8191728566314659,0.01989866316359783,-0.22971355949212824,-0.8249564805209806,23,54567;182;4853;2648;4242;4854;28514;4851;8850;1856
KEGG_ALDOSTERONE_REGULATED_SODIUM_REABSORPTION,0.7409047160731472,0.8286434324502305,0.01824005308481713,0.2372866320919519,0.8040646843913596,20,5170;5594;5294;481
KEGG_NATURAL_KILLER_CELL_MEDIATED_CYTOTOXICITY,0.7588941762973034,0.8432157514414482,0.020333617428581342,-0.1697249175917312,-0.8657577389838138,101,3107;4277;259197;8795;9437;3459;355;3454;962;80328;3456;3805;51744;3460;27040;100507436;7124;3823;3812;356;3804;3384;4893;57292
KEGG_LYSINE_DEGRADATION,0.7738714374869982,0.8542736647583746,0.018747173343972964,-0.22639444140318965,-0.7850767435598196,20,217;55870
KEGG_APOPTOSIS,0.7859507171754322,0.8594527542586795,0.016700728570071988,0.18698997826656527,0.8165342925833156,53,8517;5294;208;4790;329;330;11261;843;51135;1439;8793;5535;207;841;8772;3551;8717
KEGG_CYTOSOLIC_DNA_SENSING_PATHWAY,0.7886742921432589,0.8594527542586795,0.01693485887028309,0.2073537235258361,0.7904357996648201,31,8517;4790;51728;4793;3449;3443;23586;3551;3442;6352;3439;3441;81030;8737
KEGG_ALPHA_LINOLENIC_ACID_METABOLISM,0.7986124494122182,0.8647395949049497,0.017152112660941823,0.26344750625029534,0.7444676303831713,11,5321
KEGG_GLYCOSAMINOGLYCAN_BIOSYNTHESIS_KERATAN_SULFATE,0.82069395387492206,0.8830251402451693,0.017856905382291188,-0.25346795263465616,-0.7311815409746457,11,10678;6482;2683;9435
KEGG_PENTOSE_PHOSPHATE_PATHWAY,0.829451395572666,0.8868348254550517,0.01658185363370947,0.21697603190586684,0.7352405952109161,20,5213;226;2539;55276;25796;7086;5226;22934
KEGG_ALANINE_ASPARTATE_AND_GLUTAMATE_METABOLISM,0.8443721286370597,0.8971453866768759,0.016241482595981384,0.21222239579317545,0.73718272018987,22,2744;2875;2747;2805;7915
KEGG_DILATED_CARDIOMYOPATHY,0.8603019349351477,0.9083933474470504,0.017503240504604636,-0.19374487515048885,-0.7344822883051544,28,3479;7124;7137;4634;55799;1605;7139;7040;7273
KEGG_LINOLEIC_ACID_METABOLISM,0.8826105087572977,0.9261962128934605,0.016841385721899887,-0.2281559009572416,-0.6768558812581462,12,5320;1557
KEGG_GLYCOSPHINGOLIPID_BIOSYNTHESIS_GLOBO_SERIES,0.8978017740069417,0.9363576784121478,0.015458037970262545,0.235153296148664,0.6465124525897313,10,3073;10317
KEGG_ARGININE_AND_PROLINE_METABOLISM,0.9075702337550933,0.9364434145044257,0.016844835613601568,-0.17649346250461867,-0.7053453330668427,34,217;2752;26
KEGG_RIBOSOME,0.9089009611366485,0.9364434145044257,0.016443969643239277,-0.19681123167204181,-0.6637460331669215,18,6136
KEGG_ETHER_LIPID_METABOLISM,0.9200841219768665,0.9422548237112489,0.01636060403431623,-0.1954148243195828,-0.646605760787332,17,5320;5050;5319;5051;5049;84647;81579
KEGG_GLYCOSPHINGOLIPID_BIOSYNTHESIS_GANGLIO_SERIES,0.961966961198617,0.9792478048129635,0.01440568733994104,0.19392501167047377,0.5624650127331963,12,3073;8869
KEGG_O_GLYCAN_BIOSYNTHESIS,0.9689346293119878,0.9804695653752257,0.014188365605195988,0.17678970703217983,0.5730960141353723,17,55808;51301;192134;9334;29071;114805
KEGG_PROPANOATE_METABOLISM,0.9780282766526557,0.9838154262186477,0.014089358324529457,0.17367929605710827,0.5528276230551925,16,3939;3945;219
KEGG_ARACHIDONIC_ACID_METABOLISM,0.9855134213890072,0.9855134213890072,0.015551546099886527,-0.1476693435154744,-0.5654307740906316,29,5320;1557;873;27306;5319;5730;874;8644;84647;81579;6916
